Metric,Original_Ensemble,Improved_Ensemble
AUC,0.69,0.9920614638222611
Accuracy,0.64,0.962
Precision,0.68,[0.441      0.44144144 0.44188377 ... 1.         1.         1.        ]
Recall,0.65,0.9591836734693877
F1-Score,0.66,0.9580973947434887
Balanced_Accuracy,0.62,0.9614634166129183
CV_Mean_AUC,,0.9912704822881014
CV_Std_AUC,,0.0075773904998298275
