Metric,XGBoost,LightGBM,Ensemble
AUC,0.7993453355155483,0.7888707037643209,0.8009819967266777
Accuracy,0.7410714285714286,0.7142857142857143,0.7232142857142857
