model,AUC,accuracy
LSTM,0.36386639676113364,0.40625
XGBoost,0.6892712550607287,0.609375
LightGBM,0.756072874493927,0.65625
Ensemble,0.7408906882591093,0.625
