{
  "optimal_threshold": 0.5115799426365141,
  "lstm_weight": 10.594106178132849,
  "xgb_weight": 17.914119654907,
  "lgb_weight": 12.704139250449765,
  "intercept": -20.213239395447562,
  "cv_mean_auc": 0.9912704822881014,
  "cv_std_auc": 0.0075773904998298275
}